SEPTIEMBRE 2018,,,,,,
*Lista de precios sujeta a modificaciones sin previo aviso. Los precios incluyen IVA. Consultar stock. PVP calculado para ventas CONTADO EFECTIVO / DEBITO / TARJETA EN 1 PAGO. ,,,,,,
,,,,,,
,,,,,,
,,,,,,
,,,,,,
,,,,,,
,,,,,,
,,,,,,
,,,,,,
,,,,,,
,,,,,,
,,,,,,
,,,,,,
,,,,,,
,,,,,,
,,,,,,
,,,,,,
,,,,,,
,,,,,,
,,,,,,
,,,,,,
,,,,,,
,,,,,,
,,,,,,
,,,,,,
,,,,,,
,,,,,,
,,,,,,
,,,,,,
,,,,,,
,,,,,,
,,,,,,
,,,,,,
,,,,,,
,,,,,,
,,,,,,
,,,,,,
,,,,,,
,,,,,,
,,,,,,
,,,,,,
,,,,,,
,,,,,,
,,,,,,
,,,,,,
,,,,,,
,,,,,,
,,,,,,
,,,,,,
,,,,,,
,,,,,,
,,,,,,
,,,,,,
,,,,,,
,,,,,,
,,,,,,
,,,,,,
,,,,,,
,,,,,,
,,,,,,
,,,,,,
,,,,,,
,,,,,,
,,,,,,
,,,,,,
,,,,,,
,,,,,,
,,,,,,
,,,,,,
,,,,,,
,,,,,,
,,,,,,
,,,,,,
,,,,,,
,,,,,,
,,,,,,
,,,,,,
,,,,,,
,,,,,,
,,,,,,
,,,,,,
,,,,,,
,,,,,,
,,,,,,
,,,,,,
,,,,,,
,,,,,,
,,,,,,
,,,,,,
,,,,,,
,,,,,,
,,,,,,
,,,,,,
,,,,,,
,,,,,,
,,,,,,
,,,,,,
,,,,,,
,,,,,,
,,,,,,
,,,,,,
Diseño,Diametro,Ancho,Talon,Descripcion,Codigo,PL CONTADO
FILTRO,,,,,,
,,,,AUTOMOVIL RUN-FLAT,,
Diseño,Diametro,Ancho,Talon,Descripcion,Codigo,PL CONTADO
V103,18,275,35,RF275/35RF18-95Y V103 YOKOHAMA,207010,"$ 16,547.90"
V103,18,245,40,RF245/40RF18-93Y V103 YOKOHAMA,206193,"$ 12,876.28"
V103,18,245,50,RF245/50RF18-100W V103S YOKOHAMA,202794,"$ 14,000.55"
V103,16,195,55,RF195/55RF16-87 V V103S YOKOHAMA,202793,"$ 4,300.81"
V103S,18,255,35,255/35RF18-90Y  V103S  YOKOHAMA,206935,"$ 18,802.98"
V103S,18,225,40,RF225/40RF18 88Y V103S YOKOHAMA,205274,"$ 12,034.36"
V103S,17,255,40,RF255/40RF17-94Y V103S  YOKOHAMA,205259,"$ 14,765.36"
V103S,17,245,45,RF245/45RF17-95Y V103S YOKOHAMA,205222,"$ 11,195.63"
V103S,17,225,45,RF225/45RF17-91Y V103S  YOKOHAMA,202792,"$ 9,855.23"
V103S,17,225,50,RF225/50RF17 94Y V103S YOKOHAMA,205427,"$ 9,182.25"
V103S,17,205,45,RF205/45RF17-84V V103S YOKOHAMA,205220,"$ 8,047.35"
V103S,16,225,50,RF225/50RF16-92W V103S  YOKOHAMA,205980,"$ 10,209.91"
V103S,16,205,55,RF205/55RF16-91W V103S YOKOHAMA,205221,"$ 7,065.46"
Diseño,Diametro,Ancho,Talon,Descripcion,Codigo,PL CONTADO
V105S,19,RF245,40,RF245/40RF19-94Y V105S YOKOHAMA,207772,"$ 17,130.30"
V105S,19,225,40,RF225/40RF19-93Y V105S  YOKOHAMA,207763,"$ 16,252.37"
V105S,18,RF255,40,RF255/40RF18 95Y V105S YOKOHAMA,207777,"$ 15,183.69"
V105S,18,R245,45,RF245/45RF18 96Y V105S YOKOHAMA,207773,"$ 15,417.26"
V105S,18,275,40,RF275/40RF18 99Y V105S YOKOHAMA,207796,"$ 19,126.05"
V105S,18,225,45,RF225/45RF18-91Y V105S YOKOHAMA,207764,"$ 14,132.50"
V105S,17,205,50,RF205/50RF17-89W V105S YOKOHAMA,207762,"$ 11,306.02"
Diseño,Diametro,Ancho,Talon,Descripcion,Codigo,PL CONTADO
AC02A,18,235,50,RF235/50RF18-97V AC02A ZPS 4T YOKOHAMA,206858,"$ 14,040.07"
,,,,AUTOMOVIL,,
Diseño,Diametro,Ancho,Talon,Descripcion,Codigo,PL CONTADO
A10A,16,215,55,215/45R18-89W A10A  YOKOHAMA,202805,"$ 9,189.67"
Diseño,Diametro,Ancho,Talon,Descripcion,Codigo,PL CONTADO
A10E,17,215,50,215/50R17-91V A10E YOKOHAMA,205041,"$ 5,290.24"
A10E,17,205,50,205/50R17-89V A10E  YOKOHAMA,202816,"$ 5,534.19"
Diseño,Diametro,Ancho,Talon,Descripcion,Codigo,PL CONTADO
A10J,17,215,50,215/50R17-91W A10J YOKOHAMA,205472,"$ 5,730.87"
Diseño,Diametro,Ancho,Talon,Descripcion,Codigo,PL CONTADO
A539,14,185,50,185/50R14-77V A539  YOKOHAMA,202709,"$ 4,665.16"
A539,14,175,60,175/60R14-79H A539  YOKOHAMA,202299,"$ 3,472.41"
A539,13,185,60,185/60R13-80H A539  YOKOHAMA,202300,"$ 3,935.97"
A539,13,175,50,175/50R13-72V A539 YOKOHAMA,206879,"$ 3,804.89"
A539,13,175,60,175/60R13-77H A539  YOKOHAMA,202555,"$ 3,547.24"
A539,12,165,60,165/60R12-71H A539  YOKOHAMA,202776,"$ 4,037.54"
Diseño,Diametro,Ancho,Talon,Descripcion,Codigo,PL CONTADO
AC02,17,225,45,225/45R17-91V AC02 YOKOHAMA,205822,"$ 6,857.24"
AC02,16,225,60,225/60R16-98W AC02  YOKOHAMA,205700,"$ 5,715.19"
AC02,16,205,55,205/55R16-91V AC02 4T YOKOHAMA,207243,"$ 4,873.20"
AC02,15,225,60,225/60R15-96V AC02B  YOKOHAMA,205591,"$ 5,534.95"
Diseño,Diametro,Ancho,Talon,Descripcion,Codigo,PL CONTADO
AD08,19,295,30,295/30R19-100W AD08 YOKOHAMA,205074,"$ 20,420.18"
AD08,19,255,35,255/35R19-92W AD08 YOKOHAMA,205067,"$ 12,484.71"
AD08,19,245,40,245/40R19-94W AD08 YOKOHAMA,207178,"$ 8,479.44"
AD08,18,295,30,295/30R18-94W AD08 YOKOHAMA,207758,"$ 19,862.65"
AD08,18,285,30,285/30R18-93W AD08 YOKOHAMA,205073,"$ 9,098.82"
AD08,18,265,35,265/35R18-93W AD08 YOKOHAMA,205072,"$ 13,151.68"
AD08,18,265,40,265/40R18-101W AD08 YOKOHAMA,206928,"$ 16,542.55"
AD08,18,245,40,245/40R18-93W AD08 YOKOHAMA,205064,"$ 9,300.86"
AD08,18,225,45,225/45R18-91W AD08 YOKOHAMA,205056,"$ 9,626.92"
AD08,17,255,40,255/40R17-94W AD08 YOKOHAMA,205068,"$ 7,286.74"
AD08,17,215,45,215/45R18-89W AD08  YOKOHAMA,207142,"$ 8,591.83"
AD08,16,215,45,215/45R16-86W AD08 YOKOHAMA,206490,"$ 7,235.30"
Diseño,Diametro,Ancho,Talon,Descripcion,Codigo,PL CONTADO
AE01,15,185,65,185/65R15-88H AE01  YOKOHAMA,206201,"$ 2,855.35"
AE01,14,195,60,195/60R14-86H AE01  YOKOHAMA,206531,"$ 3,424.88"
AE01,14,195,65,195/65R14-89H AE01  YOKOHAMA,206505,"$ 2,580.99"
AE01,14,195,70,195/70R14-91H AE01  YOKOHAMA,207517,"$ 3,211.95"
AE01,14,185,60,185/60R14-82H AE01  YOKOHAMA,206205,"$ 2,708.71"
AE01,13,155,70,155/70R13-75T AE01  YOKOHAMA,206821,"$ 2,317.72"
Diseño,Diametro,Ancho,Talon,Descripcion,Codigo,PL CONTADO
AE50,19,225,45,225/45R19-96W AE50 YOKOHAMA,207739,"$ 8,094.07"
AE50,18,245,40,245/40R18-97W AE50 YOKOHAMA,207684,"$ 8,584.61"
AE50,18,245,45,245/45R18-100W  AE50 4T  YOKOHAMA,206852,"$ 10,134.51"
AE50,18,235,40,235/40R18-95W AE50 4T  YOKOHAMA,206843,"$ 8,124.53"
AE50,18,235,45,235/45R18-94W AE50 YOKOHAMA,207766,"$ 8,970.93"
AE50,18,225,40,225/40R18-92W AE50 4T  YOKOHAMA,206842,"$ 7,444.34"
AE50,18,225,45,225/45R18- 91W AE50 YOKOHAMA,207685,"$ 8,262.69"
AE50,18,225,50,225/50R18-95W AE50 YOKOHAMA,207650,"$ 8,903.45"
AE50,17,245,45,245/45R17-99W AE50 4T   YOKOHAMA,206855,"$ 9,258.17"
AE50,17,235,45,235/45R17-97W AE50 4T   YOKOHAMA,206851,"$ 6,381.67"
AE50,17,225,45,225/45R17-94W AE50 YOKOHAMA,207350,"$ 6,210.51"
AE50,17,225,50,225/50R17-94W AE50 YOKOHAMA,207837,"$ 7,423.87"
AE50,17,215,50,215/50R17-95W AE50 4T   YOKOHAMA,206847,"$ 6,665.87"
AE50,17,205,45,205/45R17-88W AE50 4T YOKOHAMA,206853,"$ 5,940.20"
AE50,17,205,50,205/50R17-93W AE50 4T  YOKOHAMA,206846,"$ 5,184.06"
AE50,17,205,55,205/55R17-95V AE50 YOKOHAMA,207736,"$ 6,336.27"
AE50,16,225,55,225/55R16-99W AE50 4T  YOKOHAMA,206840,"$ 6,913.52"
AE50,16,215,55,215/55R16-97W AE50 4T  YOKOHAMA,206836,"$ 5,752.63"
AE50,16,215,65,215/65R16-98H AE50 4T  YOKOHAMA,206839,"$ 6,332.27"
AE50,16,205,45,205/45R16-87W AE50 YOKOHAMA,207349,"$ 4,472.77"
AE50,16,205,50,205/50R16-87W AE50 YOKOHAMA,207682,"$ 4,905.51"
AE50,16,205,60,205/60R16-96W AE50 4T YOKOHAMA,206835,"$ 6,077.25"
AE50,16,195,45,195/45R16-84V AE50 4T  YOKOHAMA,206844,"$ 4,555.24"
AE50,16,195,50,195/50R16-84V AE50  YOKOHAMA,207539,"$ 4,728.61"
AE50,16,195,50,195/50R16-88V AE50 4T  YOKOHAMA,206845,"$ 5,330.39"
AE50,16,195,55,195/55R16-87V AE50 4T YOKOHAMA,206830,"$ 5,775.74"
Diseño,Diametro,Ancho,Talon,Descripcion,Codigo,PL CONTADO
AR01,17,235,45,235/45ZR17-97W AR01  YOKOHAMA,202577,"$ 5,771.70"
AR01,16,225,50,225/50ZR16-92W AR01  YOKOHAMA,202581,"$ 5,744.49"
AR01,16,205,50,205/50R16-91V AR01  YOKOHAMA,202582,"$ 5,304.14"
AR01,16,195,50,195/50R16-84V AR01  YOKOHAMA,202583,"$ 5,026.30"
Diseño,Diametro,Ancho,Talon,Descripcion,Codigo,PL CONTADO
AS01,19,215,35,215/35R19-85Y AS01  YOKOHAMA,202732,"$ 7,565.74"
AS01,18,245,35,245/35R18-92Y AS01  YOKOHAMA,202742,"$ 9,716.68"
AS01,18,215,40,215/40R18-89Y AS01  YOKOHAMA,202733,"$ 6,822.84"
AS01,17,235,40,235/40R17-90Y AS01  YOKOHAMA,202707,"$ 5,917.52"
AS01,17,195,40,195/40R17-81W AS01  YOKOHAMA,202747,"$ 6,668.87"
AS01,17,195,45,195/45R17-85W AS01  YOKOHAMA,202749,"$ 5,626.35"
AS01,16,205,50,205/50R16-87W AS01  YOKOHAMA,202711,"$ 5,455.87"
AS01,16,195,40,195/40R16-80W AS01  YOKOHAMA,202746,"$ 5,216.89"
AS01,16,195,45,195/45R16-84W AS01  YOKOHAMA,202699,"$ 4,910.64"
AS01,16,175,50,175/50R16-77T AS01  YOKOHAMA,205791,"$ 3,878.18"
AS01,15,205,50,205/50R15-86V AS01  YOKOHAMA,202708,"$ 5,164.26"
AS01,15,195,45,195/45R15-78W AS01  YOKOHAMA,202748,"$ 5,455.88"
AS01,15,185,55,185/55R15-82V AS01  YOKOHAMA,202745,"$ 3,429.21"
AS01,14,185,55,185/55R14-80V AS01  YOKOHAMA,202744,"$ 4,366.70"
Diseño,Diametro,Ancho,Talon,Descripcion,Codigo,PL CONTADO
E70,16,195,60,195/60R16 89H E70E YOKOHAMA,205678,"$ 5,491.75"
Diseño,Diametro,Ancho,Talon,Descripcion,Codigo,PL CONTADO
ES32,18,235,40,235/40R18 95W ES32 YOKOHAMA,207444,"$ 7,427.19"
ES32,17,245,40,245/40R17-91V ES32 YOKOHAMA,207418,"$ 7,696.00"
ES32,17,225,45,225/45R17-94V ES32 YOKOHAMA,207419,"$ 6,312.42"
ES32,17,215,40,215/40R17 87V ES32 YOKOHAMA,207464,"$ 4,957.62"
ES32,17,215,45,215/45R17 91V ES32 YOKOHAMA,207439,"$ 4,713.65"
ES32,17,215,50,215/50R17 95V ES32 YOKOHAMA,207440,"$ 5,481.48"
ES32,17,215,55,215/55R17-94V ES32 YOKOHAMA,207341,"$ 6,269.43"
ES32,17,205,40,205/40R17 84V ES32 YOKOHAMA,207463,"$ 4,538.46"
ES32,16,215,55,215/55R16 97V ES32 YOKOHAMA,207441,"$ 4,755.24"
ES32,16,215,60,215/60R16-99V ES32 YOKOHAMA,207342,"$ 4,550.66"
ES32,16,205,45,205/45R16-83V ES32 YOKOHAMA,207438,"$ 4,094.85"
ES32,16,205,50,205/50R16-87V ES32 YOKOHAMA,207683,"$ 4,496.71"
ES32,16,205,55,205/55R16-91V ES32 YOKOHAMA,207509,"$ 4,400.66"
ES32,16,205,60,205/60R16-92H ES32 YOKOHAMA,207340,"$ 4,923.33"
ES32,16,195,45,195/45R16-80V ES32 YOKOHAMA,207537,"$ 4,056.25"
ES32,16,195,50,195/50R16-84V ES32 YOKOHAMA,207532,"$ 5,028.16"
ES32,16,195,55,195/55R16-87V ES32 4T YOKOHAMA,207434,"$ 4,970.70"
ES32,16,195,60,195/60R16 89H ES32 YOKOHAMA,207660,"$ 5,288.14"
ES32,16,185,55,185/55R16-83V ES32 YOKOHAMA,207433,"$ 4,194.54"
ES32,15,205,60,205/60R15-91H ES32 YOKOHAMA,207366,"$ 4,213.61"
ES32,15,205,65,205/65R15-94H ES32 YOKOHAMA,207367,"$ 4,136.95"
ES32,15,196,55,195/55R15-85V ES32 YOKOHAMA,207361,"$ 3,413.10"
ES32,15,195,50,195/50R15-82V ES32 YOKOHAMA,207370,"$ 3,531.13"
ES32,15,195,60,195/60R15-88H ES32 YOKOHAMA,207362,"$ 3,422.01"
ES32,15,195,65,195/65R15-91V ES32 YOKOHAMA,207510,"$ 3,380.22"
ES32,15,195,65,195/65R15-95V ES32 YOKOHAMA,207363,"$ 3,903.77"
ES32,15,185,55,185/55R15 82H ES32 YOKOHAMA,207470,"$ 2,278.42"
ES32,15,185,60,185/60R15-88H ES32 YOKOHAMA,207357,"$ 3,109.48"
ES32,15,185,65,185/65R15-88H ES32 YOKOHAMA,207358,"$ 3,081.42"
ES32,15,175,55,175/55R15-77V ES32 YOKOHAMA,207519,"$ 3,372.52"
ES32,15,175,60,175/60R15-81H ES32 YOKOHAMA,207511,"$ 3,219.22"
ES32,15,175,65,175/65R15-84H ES32 YOKOHAMA,207353,"$ 3,160.19"
ES32,15,155,60,155/60R15-74H ES32 YOKOHAMA,207462,"$ 3,382.35"
ES32,14,195,60,195/60R14-86H ES32 YOKOHAMA,207525,"$ 3,212.88"
ES32,14,195,65,195/65R14-89H ES32 YOKOHAMA,207512,"$ 3,055.53"
ES32,14,195,70,195/70R14-91H ES32 YOKOHAMA,207364,"$ 3,304.79"
ES32,14,185,60,185/60R14-82H ES32 YOKOHAMA,207356,"$ 2,925.70"
ES32,14,185,65,185/65R14-86H ES32 YOKOHAMA,207421,"$ 2,670.78"
ES32,14,185,70,185/70R14-88H ES32 YOKOHAMA,207360,"$ 2,970.68"
ES32,14,175,65,175/65R14-82H ES32 YOKOHAMA,207352,"$ 2,495.85"
ES32,14,175,70,175/70R14-84H ES32 YOKOHAMA,207355,"$ 3,022.42"
ES32,14,165,60,165/60R14-75T ES32 YOKOHAMA,207518,"$ 2,832.92"
ES32,14,165,65,165/65R14 79T ES32 XL YOKOHAMA,207456,"$ 2,850.61"
ES32,14,165,70,165/70R14 81T ES32 YOKOHAMA,207351,"$ 2,602.50"
ES32,14,155,65,155/65R14 75T ES32 XL YOKOHAMA,207454,"$ 3,026.08"
ES32,13,175,70,175/70R13-82T ES32 YOKOHAMA,207354,"$ 2,375.96"
Diseño,Diametro,Ancho,Talon,Descripcion,Codigo,PL CONTADO
ES32A,18,225,40,225/40R18-92W ES32A YOKOHAMA,207416,"$ 6,283.77"
ES32A,17,235,45,235/45R17-97V ES32A YOKOHAMA,207527,"$ 5,505.31"
ES32A,17,225,50,225/50R17-94V ES32A YOKOHAMA,207417,"$ 6,766.50"
ES32A,16,225,55,225/55R16-95V ES32A YOKOHAMA,207533,"$ 5,781.49"
ES32A,16,225,60,225/60R16-98V ES32A YOKOHAMA,207765,"$ 5,061.22"
Diseño,Diametro,Ancho,Talon,Descripcion,Codigo,PL CONTADO
G003,20,305,55,LT305/55R20 121Q G003 YOKOHAMA,207801,"$ 21,553.42"
Diseño,Diametro,Ancho,Talon,Descripcion,Codigo,PL CONTADO
G015,17,235,80,LT235/80R17 120R G015 YOKOHAMA,207744,"$ 11,562.97"
G015,17,225,70,225/70R17-108T G015 YOKOHAMA,207742,"$ 9,402.38"
Diseño,Diametro,Ancho,Talon,Descripcion,Codigo,PL CONTADO
G055,18,215,50,215/50R18-92V G055 YOKOHAMA,207737,"$ 7,591.82"
Diseño,Diametro,Ancho,Talon,Descripcion,Codigo,PL CONTADO
IG35,17,235,45,235/45R17-97T IG35 YOKOHAMA,206295,"$ 6,702.48"
IG35,17,225,55,225/55R17-101T IG35 YOKOHAMA,206289,"$ 6,164.24"
IG35,16,245,70,245/70R16-107T IG35 YOKOHAMA,206307,"$ 5,651.00"
IG35,15,205,65,205/65R15-99T IG35 YOKOHAMA,206276,"$ 5,406.27"
IG35,15,205,70,205/70R15-96T IG35 YOKOHAMA,206277,"$ 4,764.90"
Diseño,Diametro,Ancho,Talon,Descripcion,Codigo,PL CONTADO
PA01,17,215,40,215/40ZR17-87W PA01  YOKOHAMA,202481,"$ 5,354.08"
Diseño,Diametro,Ancho,Talon,Descripcion,Codigo,PL CONTADO
RV02,19,245,45,245/45R19-98W RV02 YOKOHAMA,207720,"$ 11,639.63"
RV02,19,225,45,225/45R19-96W RV02 YOKOHAMA,207741,"$ 10,246.00"
RV02,17,225,55,225/55R17-97W RV02 YOKOHAMA,207661,"$ 8,136.09"
RV02,17,215,60,215/60R17- 96H RV02 YOKOHAMA,207689,"$ 7,946.12"
RV02,17,205,55,205/55R17-91V RV02 YOKOHAMA,207723,"$ 7,777.94"
RV02,16,215,60,215/60R16-95H RV02 YOKOHAMA,207688,"$ 7,493.75"
RV02,16,195,60,195/60R16 89H RV02 YOKOHAMA,207686,"$ 6,228.56"
Diseño,Diametro,Ancho,Talon,Descripcion,Codigo,PL CONTADO
RY55,17,215,60,215/60R17C-109T RY55 YOKOHAMA,207826,"$ 8,099.67"
RY55,16,215,60,215/60R16C-103T RY55 YOKOHAMA,207825,"$ 7,919.69"
RY55,16,195,60,195/60R16C 99H RY55 YOKOHAMA,207819,"$ 6,839.71"
RY55,16,195,65,195/65R16C-104T RY55 YOKOHAMA,207820,"$ 7,919.69"
RY55,15,215,65,215/65R15C-104T RY55 YOKOHAMA,207827,"$ 7,379.72"
RY55,14,195,+,195R14C-106S RY55 YOKOHAMA,207822,"$ 5,939.77"
Diseño,Diametro,Ancho,Talon,Descripcion,Codigo,PL CONTADO
RY818,16,215,60,215/60R16C 103T RY818 YOKOHAMA,207738,"$ 7,981.16"
Diseño,Diametro,Ancho,Talon,Descripcion,Codigo,PL CONTADO
V103,21,285,30,285/30ZR21-100Y V103  YOKOHAMA,202654,"$ 13,751.73"
V103,21,255,35,255/35ZR21-98Y V103  YOKOHAMA,202636,"$ 10,856.56"
V103,21,245,35,245/35ZR21-96Y V103  YOKOHAMA,202655,"$ 9,674.45"
V103,20,315,35,315/35R20-110Y V103B  YOKOHAMA,205313,"$ 17,625.72"
V103,20,285,35,285/35ZR20-100Y V103 YOKOHAMA,207811,"$ 25,199.02"
V103,20,255,35,255/35ZR20-97Y V103  YOKOHAMA,202590,"$ 12,999.36"
V103,20,245,35,245/35ZR20-95Y V103  YOKOHAMA,202633,"$ 13,538.86"
V103,20,245,40,245/40ZR20-99Y V103  YOKOHAMA,202634,"$ 12,906.71"
V103,19,285,35,285/35ZR19-99Y V103  YOKOHAMA,202643,"$ 5,810.38"
V103,19,285,45,285/45R19-107Y V103B  YOKOHAMA,205312,"$ 17,517.58"
V103,19,255,50,255/50R19 - 107Y V103B   YOKOHAMA,205325,"$ 13,550.43"
V103,19,225,40,225/40ZR19-93Y V103  YOKOHAMA,202600,"$ 11,263.09"
V103,18,285,30,285/30ZR18-97Y V103  YOKOHAMA,202608,"$ 10,092.94"
V103,18,275,35,275/35ZR18-95Y V103  YOKOHAMA,202640,"$ 9,362.57"
V103,18,275,40,275/40ZR18-103Y V103  YOKOHAMA,202606,"$ 12,429.99"
V103,18,235,55,235/55R18-100Y V103B  YOKOHAMA,205311,"$ 9,650.02"
V103,18,225,50,225/50R18-95W V103EYOKOHAMA,205045,"$ 9,184.89"
V103,18,215,45,215/45ZR18-89Y V103  YOKOHAMA,202614,"$ 10,154.22"
V103,17,255,40,255/40ZR17-94Y V103  YOKOHAMA,202637,"$ 11,009.09"
V103,17,235,55,235/55R17-99Y V103 YOKOHAMA,206192,"$ 9,472.65"
V103,17,225,45,225/45R17-91W V103S  YOKOHAMA,205252,"$ 3,632.17"
V103,17,225,55,225/55ZR17-101Y V103 YOKOHAMA,206191,"$ 2,955.69"
V103,16,205,55,205/55R16-91V V103S YOKOHAMA,205042,"$ 5,311.83"
Diseño,Diametro,Ancho,Talon,Descripcion,Codigo,PL CONTADO
V103A,20,295,40,295/40ZR20-106Y V103A  YOKOHAMA,202850,"$ 17,963.60"
Diseño,Diametro,Ancho,Talon,Descripcion,Codigo,PL CONTADO
V103B,21,295,35,295/35R21-107Y V103B  YOKOHAMA,202798,"$ 19,561.99"
V103B,20,275,40,275/40R20-106Y V103B  YOKOHAMA,202814,"$ 17,279.59"
V103B,20,275,45,275/45R20-110Y V103B  YOKOHAMA,201620,"$ 19,114.67"
V103B,20,235,55,235/55R20 102V V103B YOKOHAMA,207330,"$ 13,671.64"
V103B,19,275,45,275/45R19-108Y V103B  YOKOHAMA,202797,"$ 14,410.27"
V103B,19,265,50,265/50R19-110Y V103B  YOKOHAMA,202848,"$ 17,423.72"
V103B,18,255,55,255/55R18-109Y V103B  4T YOKOHAMA,206822,"$ 12,347.49"
Diseño,Diametro,Ancho,Talon,Descripcion,Codigo,PL CONTADO
V103F,18,245,45,245/45R18-96W V103F YOKOHAMA,205233,"$ 11,062.63"
Diseño,Diametro,Ancho,Talon,Descripcion,Codigo,PL CONTADO
V103S,20,265,35,265/35R20-99Y V103S  YOKOHAMA,207177,"$ 16,750.10"
V103S,20,265,35,265/35ZR20-99Y V103S  YOKOHAMA,202847,"$ 17,126.10"
V103S,19,255,40,255/40R19-100Y V103S  YOKOHAMA,206803,"$ 15,255.66"
V103S,18,295,35,295/35ZR18-99Y V103S  YOKOHAMA,202796,"$ 15,774.03"
Diseño,Diametro,Ancho,Talon,Descripcion,Codigo,PL CONTADO
V105,20,305,30,305/30ZR20-103Y V105S YOKOHAMA,207816,"$ 28,798.88"
V105,20,295,30,295/30ZR20-101Y V105 YOKOHAMA,206991,"$ 22,735.72"
V105,20,295,35,295/35ZR20-105Y V105 YOKOHAMA,206809,"$ 15,620.39"
V105,20,265,40,265/40ZR20-104Y V105S  YOKOHAMA,207813,"$ 2,159.92"
V105,19,305,30,305/30ZR19-102Y V105S YOKOHAMA,207815,"$ 25,199.02"
V105,19,285,30,285/30ZR19-98Y V105S  YOKOHAMA,207130,"$ 19,277.10"
V105,19,285,35,285/35R19-99Y V105 YOKOHAMA,207344,"$ 15,513.66"
V105,19,285,40,285/40ZR19 107Y V105 YOKOHAMA,207799,"$ 19,541.85"
V105,19,255,40,255/40R18-95Y V105 YOKOHAMA,205710,"$ 12,475.16"
V105,19,255,40,255/40R18-99Y V105 YOKOHAMA,206534,"$ 13,616.28"
V105,19,245,50,245/50R19-105W V105 YOKOHAMA,207491,"$ 15,513.64"
V105,19,235,40,235/40ZR19-96Y V105S YOKOHAMA,207812,"$ 16,019.38"
V105,19,235,55,235/55R19-101V  V105 YOKOHAMA,206933,"$ 13,059.91"
V105,18,275,45,275/45ZR18-107Y V105S YOKOHAMA,207814,"$ 14,399.45"
V105,18,245,35,245/35R18-92Y V105 YOKOHAMA,207343,"$ 10,815.67"
V105,18,245,40,245/40ZR18-97Y V105 YOKOHAMA,206548,"$ 13,319.99"
V105,18,225,60,225/60R18-104W V105 YOKOHAMA,207490,"$ 11,691.42"
V105,17,245,40,245/40R17-91W V105 YOKOHAMA,205717,"$ 11,357.71"
V105,16,225,50,225/50R16-92W V105 YOKOHAMA,205715,"$ 7,647.61"
Diseño,Diametro,Ancho,Talon,Descripcion,Codigo,PL CONTADO
V105S,20,285,30,285/30ZR20 99Y V105S YOKOHAMA,207797,"$ 27,970.89"
V105S,20,275,30,275/30ZR20 97Y V105S YOKOHAMA,207795,"$ 23,813.08"
V105S,20,265,30,265/30ZR20 94Y V105S YOKOHAMA,207793,"$ 23,813.08"
V105S,20,255,30,255/30ZR20-92Y V105S YOKOHAMA,206196,"$ 15,291.23"
V105S,20,255,35,255/35ZR20-97Y V105S  YOKOHAMA,207250,"$ 14,986.24"
V105S,20,245,35,245/35ZR20 95Y V105S YOKOHAMA,207745,"$ 17,130.30"
V105S,20,235,35,235/35ZR20-92Y V105S YOKOHAMA,207743,"$ 19,485.71"
V105S,19,295,30,295/30ZR19-100Y V105S YOKOHAMA,206249,"$ 15,587.32"
V105S,19,295,35,295/35ZR19 104Y V105S YOKOHAMA,207800,"$ 22,036.53"
V105S,19,285,40,285/40ZR19 103Y V105S YOKOHAMA,207798,"$ 17,394.00"
V105S,19,275,40,275/40ZR19-105Y V105S YOKOHAMA,206079,"$ 17,279.91"
V105S,19,265,30,265/30ZR19-93Y V105S  YOKOHAMA,206967,"$ 14,052.32"
V105S,19,265,35,265/35ZR19 98 Y V105S  YOKOHAMA,206666,"$ 17,190.19"
V105S,19,255,30,255/30ZR19-91Y V105S YOKOHAMA,206077,"$ 15,133.83"
V105S,19,255,35,255/35ZR19-96Y V105S YOKOHAMA,206078,"$ 14,964.00"
V105S,19,255,40,255/40ZR19-100Y V105S YOKOHAMA,206085,"$ 16,086.67"
V105S,19,255,45,255/45ZR19-100Y V105S YOKOHAMA,206874,"$ 12,149.30"
V105S,19,245,19,245/45ZR19-98Y V105S YOKOHAMA,206076,"$ 11,710.99"
V105S,19,245,35,245/35ZR19-93Y V105S  YOKOHAMA,207259,"$ 19,332.94"
V105S,19,245,40,245/40ZR19-98Y V105S  YOKOHAMA,207191,"$ 13,722.33"
V105S,19,225,35,225/35ZR19-88Y V105S YOKOHAMA,206072,"$ 14,277.61"
V105S,19,225,40,225/40ZR19-93Y V105S  YOKOHAMA,206872,"$ 13,041.94"
V105S,18,265,35,265/35ZR18-97Y V105S YOKOHAMA,206086,"$ 15,607.60"
V105S,18,265,40,265/40ZR18-101Y V105S  YOKOHAMA,206668,"$ 14,924.02"
V105S,18,255,35,255/35ZR18-94Y V105S YOKOHAMA,206084,"$ 13,745.39"
V105S,18,255,45,255/45ZR18-103Y V105S YOKOHAMA,207748,"$ 11,991.23"
V105S,18,245,45,245/45ZR18-100Y V105S YOKOHAMA,206194,"$ 10,782.26"
V105S,18,245,50,245/50ZR18 104Y V105S YOKOHAMA,207530,"$ 12,275.98"
V105S,18,235,18,235/40ZR18-95Y V105S YOKOHAMA,206075,"$ 12,832.04"
V105S,18,235,45,235/45ZR18-98Y  V105S YOKOHAMA,206873,"$ 10,391.82"
V105S,18,225,45,225/45ZR18-95Y V105S YOKOHAMA,206073,"$ 10,209.12"
V105S,18,215,40,215/40ZR18-89Y V105S YOKOHAMA,206871,"$ 8,886.87"
V105S,17,245,45,245/45ZR17-99Y V105S YOKOHAMA,206083,"$ 9,420.54"
V105S,17,235,45,235/45ZR17-97Y V105S YOKOHAMA,206082,"$ 7,878.99"
V105S,17,225,17,225/45ZR17-94Y V105S YOKOHAMA,206081,"$ 7,966.62"
V105S,17,225,17,225/50ZR17-98Y V105S YOKOHAMA,206074,"$ 8,428.56"
V105S,17,215,45,215/45ZR17-91Y V105S  YOKOHAMA,206876,"$ 6,258.14"
V105S,17,205,17,205/50ZR17-93Y V105S YOKOHAMA,206080,"$ 5,730.94"
V105S,17,205,55,205/55ZR17-91Y V105S  YOKOHAMA,206870,"$ 7,139.16"
Diseño,Diametro,Ancho,Talon,Descripcion,Codigo,PL CONTADO
V105T,21,275,45,275/45R21 110W V105T YOKOHAMA,207753,"$ 21,198.70"
Diseño,Diametro,Ancho,Talon,Descripcion,Codigo,PL CONTADO
V551,19,265,30,265/30R19 -93W V551 YOKOHAMA,206878,"$ 12,741.03"
V551,19,245,45,245/45R19-98Y V551 YOKOHAMA,205532,"$ 13,122.29"
V551,18,265,35,265/35R18-83W V551  YOKOHAMA,205681,"$ 14,920.75"
V551,18,235,40,235/40R18-91W V551  YOKOHAMA,205680,"$ 10,688.01"
V551,18,225,45,225/45R18-91W V551YOKOHAMA,205525,"$ 8,201.96"
V551,17,245,45,245/45R17-95W V551 YOKOHAMA,205546,"$ 10,575.22"
V551,17,225,45,225/45R17-91W V551  YOKOHAMA,205621,"$ 8,144.41"
V551,17,225,50,225/50R17 94W V551YOKOHAMA,205526,"$ 7,815.22"
V551,17,215,45,215/45R17-91W V551 YOKOHAMA,205533,"$ 6,284.07"
V551,17,215,50,215/50R17-91V V551 YOKOHAMA,205523,"$ 6,587.89"
V551,17,215,55,215/55R17-94W  V551 YOKOHAMA,205524,"$ 6,203.69"
V551,17,205,45,205/45R17-84W  V551 YOKOHAMA,205521,"$ 5,960.13"
V551,16,225,55,225/55R16-95W V551 YOKOHAMA,205642,"$ 8,093.94"
V551,16,215,60,215/60R16-95V V551 YOKOHAMA,206549,"$ 4,077.80"
V551,16,205,55,205/55R16-91W V551 YOKOHAMA,205522,"$ 5,712.57"
V551,16,205,65,205/65R16-95H V551 YOKOHAMA,206197,"$ 4,455.01"
V551,15,215,60,215/65R15-96H V551  YOKOHAMA,205518,"$ 5,623.49"
Diseño,Diametro,Ancho,Talon,Descripcion,Codigo,PL CONTADO
V552,18,265,35,265/35R18-97W V552 YOKOHAMA,207704,"$ 17,558.53"
V552,18,235,50,235/50R18-97W V552 YOKOHAMA,207853,"$ 10,473.23"
Diseño,Diametro,Ancho,Talon,Descripcion,Codigo,PL CONTADO
V701,20,225,35,225/35R20-90W V701  YOKOHAMA,207818,"$ 16,379.35"
V701,19,265,30,265/30R19-93W V701 YOKOHAMA,207348,"$ 12,690.93"
V701,19,255,30,255/30R19-91W V701 YOKOHAMA,207347,"$ 14,313.80"
V701,19,255,35,255/35R19 96W V701 YOKOHAMA,207724,"$ 15,983.76"
V701,19,235,35,235/35R19 91W V701 YOKOHAMA,207443,"$ 9,076.94"
V701,19,225,35,225/35R19-88W V701 YOKOHAMA,207346,"$ 7,661.08"
V701,18,255,35,255/35R18 94W V701 YOKOHAMA,207776,"$ 13,704.27"
V701,18,245,40,245/40R18-97W V701 YOKOHAMA,207290,"$ 10,646.10"
V701,18,235,40,235/40R18-95W V701 YOKOHAMA,207382,"$ 9,269.91"
V701,18,235,50,235/50R18 97V V701 4T YOKOHAMA,207446,"$ 9,737.28"
V701,18,235,55,235/55R18-100V V701 YOKOHAMA,207384,"$ 8,588.28"
V701,18,225,40,225/40R18-92W V701 YOKOHAMA,207380,"$ 7,647.66"
V701,18,225,45,225/45R18- 95W V701 YOKOHAMA,207260,"$ 8,715.91"
V701,18,215,35,215/35R18-84W V701 YOKOHAMA,207345,"$ 6,985.09"
V701,18,215,40,215/40R18-89W V701 YOKOHAMA,207642,"$ 7,521.77"
V701,18,205,40,205/40R18-86W V701 YOKOHAMA,207436,"$ 5,674.42"
V701,17,235,45,235/45R17-97W V701 YOKOHAMA,207383,"$ 6,777.20"
V701,17,225,45,225/45R17-94W V701 YOKOHAMA,207381,"$ 5,736.16"
V701,17,215,45,215/45R17-91W V701 YOKOHAMA,207379,"$ 4,826.44"
V701,17,205,45,205/45R17-88W V701 YOKOHAMA,207373,"$ 6,238.09"
V701,17,205,50,205/50R17-93W V701 YOKOHAMA,207375,"$ 5,576.82"
V701,16,205,45,205/45R16-87W V701 YOKOHAMA,207372,"$ 4,844.49"
V701,16,205,50,205/50R16-87V V701 YOKOHAMA,207374,"$ 4,892.67"
V701,16,205,55,205/55R16-91W V701 YOKOHAMA,207377,"$ 4,461.44"
V701,16,195,45,195/45R16-84W V701 YOKOHAMA,207514,"$ 4,496.71"
Diseño,Diametro,Ancho,Talon,Descripcion,Codigo,PL CONTADO
V902,17,215,45,215/45R17-91V V902  YOKOHAMA,205244,"$ 2,445.18"
,,,,CAMIONETA,,
Diseño,Diametro,Ancho,Talon,Descripcion,Codigo,PL CONTADO
A349,17,215,60,215/60R17-96H A349 YOKOHAMA,205641,"$ 6,783.30"
Diseño,Diametro,Ancho,Talon,Descripcion,Codigo,PL CONTADO
A349A,17,225,65,225/65R17-102H A349A  YOKOHAMA,200389,"$ 7,040.70"
A349A,16,225,65,225/65R16-100H A349A  YOKOHAMA,202808,"$ 5,844.30"
A349A,16,215,65,215/65R16-98H A349A YOKOHAMA,205640,"$ 5,625.71"
Diseño,Diametro,Ancho,Talon,Descripcion,Codigo,PL CONTADO
AC02A,18,235,50,235/50R18-97V  AC02A 4T YOKOHAMA,206823,"$ 11,780.27"
Diseño,Diametro,Ancho,Talon,Descripcion,Codigo,PL CONTADO
AE50,18,235,50,235/50R18-97W AE50 YOKOHAMA,207679,"$ 9,739.00"
AE50,17,215,55,215/55R17-94W  AE50  4T YOKOHAMA,206837,"$ 6,255.13"
Diseño,Diametro,Ancho,Talon,Descripcion,Codigo,PL CONTADO
E70,17,215,55,215/55R17-94V E70N YOKOHAMA,205619,"$ 5,872.05"
Diseño,Diametro,Ancho,Talon,Descripcion,Codigo,PL CONTADO
E70B,18,225,55,225/55R18-98V E70B YOKOHAMA,206317,"$ 8,497.71"
E70B,17,215,55,215/55R17-93V E70B YOKOHAMA,206012,"$ 6,212.32"
Diseño,Diametro,Ancho,Talon,Descripcion,Codigo,PL CONTADO
E70G,17,225,60,225/60R17 99H E70G YOKOHAMA,207460,"$ 6,985.73"
Diseño,Diametro,Ancho,Talon,Descripcion,Codigo,PL CONTADO
F700,17,215,45,215/45R17-91Q F700 YOKOHAMA,205195,"$ 2,452.74"
Diseño,Diametro,Ancho,Talon,Descripcion,Codigo,PL CONTADO
G001C,16,305,70,LT305/70R16- 118Q G001C  YOKOHAMA,206968,"$ 11,528.40"
G001C,16,265,75,LT265/75R16-112Q G001C R RBL 6T YOKOHAMA,202489,"$ 12,344.80"
G001C,16,235,85,LT235/85R16-108Q G001C R RBL 6T YOKOHAMA,202490,"$ 8,919.24"
G001C,16,225,75,LT225/75R16-103S G001C YOKOHAMA,206248,"$ 9,172.85"
G001C,15,35,12.5,35X12.5R15-113Q G001C R  YOKOHAMA,205310,"$ 13,605.29"
G001C,15,33,12.5,33X12.5R15-108Q G001C R YOKOHAMA,205424,"$ 11,121.15"
Diseño,Diametro,Ancho,Talon,Descripcion,Codigo,PL CONTADO
G003,17,LT245,75,LT245/75R17 121Q G003 YOKOHAMA,207775,"$ 14,716.48"
Diseño,Diametro,Ancho,Talon,Descripcion,Codigo,PL CONTADO
G012,20,275,60,275/60R20-115S G012 YOKOHAMA,206610,"$ 11,398.60"
G012,18,285,60,285/60R18-116H G012 4T YOKOHAMA,206641,"$ 12,065.18"
G012,18,285,65,LT285/65R18-121R G012   4T YOKOHAMA,206807,"$ 12,479.03"
G012,18,275,60,275/60R18-112H G012 R RBL 4T YOKOHAMA,202811,"$ 9,566.71"
G012,18,265,70,P265/70R18- 114S G012 R  YOKOHAMA,202111,"$ 7,698.44"
G012,18,225,55,225/55R18-98H G012 YOKOHAMA,205492,"$ 8,131.93"
G012,17,275,60,P275/60R17-110S G012 R OWL/RBL YOKOHAMA,202786,"$ 8,181.56"
G012,17,275,65,275/65R17-115H G012 R RBL 4T YOKOHAMA,202714,"$ 10,141.74"
G012,17,265,70,P265/70R17-113 S G012 S OWL/RBL YOKOHAMA,202692,"$ 9,323.27"
G012,17,255,65,255/65R17-110H G012 R RBL 4T YOKOHAMA,202723,"$ 9,236.24"
G012,17,255,70,P255/70R17 110-S G012 R OWL/RBL YOKOHAMA,202006,"$ 7,203.99"
G012,17,245,65,245/65R17-107H G012 R RBL 4T YOKOHAMA,202783,"$ 8,250.29"
G012,17,245,70,P245/70R17-108S G012  YOKOHAMA,207194,"$ 9,400.53"
G012,17,235,65,235/65R17-108H G012 R RBL 4T YOKOHAMA,202721,"$ 7,026.28"
G012,17,225,65,225/65R17-102H G012 YOKOHAMA,205044,"$ 8,286.03"
G012,17,225,70,225/70R17-108T  G012 R RBL 6T YOKOHAMA,207144,"$ 8,817.29"
G012,16,245,70,245/70R16-107H  G012 R RBL 4T YOKOHAMA,202689,"$ 6,900.16"
G012,16,245,75,LT245/75R16-120R G012 R OWL/RBL YOKOHAMA,202686,"$ 7,907.22"
G012,16,235,60,235/60R16-100H G012 R RBL 6T YOKOHAMA,202778,"$ 7,570.70"
G012,16,225,75,LT225/75R16-110R G012 R OWL/RBL YOKOHAMA,202717,"$ 7,515.47"
G012,16,215,65,215/65R16-98H G012 R RBL 6T YOKOHAMA,202726,"$ 6,783.57"
G012,16,215,70,215/70R16-100S G012 R RBL 6T YOKOHAMA,202697,"$ 6,630.22"
G012,16,215,80,215/80R16-103S G012 R RBL 6T YOKOHAMA,202681,"$ 6,878.35"
G012,16,205,65,205/65R16-95H G012 R RBL 4T YOKOHAMA,202787,"$ 4,934.55"
G012,15,265,70,265/70R15-112T G012 R RBL 6T YOKOHAMA,202724,"$ 7,231.13"
G012,15,255,70,255/70R15-112S G012 YOKOHAMA,206671,"$ 8,888.13"
G012,15,235,70,P235/70R15-102S G012 R OWL/RBL YOKOHAMA,202719,"$ 4,773.55"
G012,15,235,75,P235/75R15-108S G012 R OWL/RBL YOKOHAMA,201873,"$ 7,946.14"
G012,15,205,70,205/70R15-96S G012 R RBL 4T YOKOHAMA,202696,"$ 5,294.94"
G012,15,175,80,175/80R15-90S G012 R RBL 4T YOKOHAMA,202693,"$ 3,570.53"
Diseño,Diametro,Ancho,Talon,Descripcion,Codigo,PL CONTADO
G015,20,LT305,55,LT305/55R20 121S G015 YOKOHAMA,207782,"$ 18,305.12"
G015,20,285,50,285/50R20-112H G015 YOKOHAMA,207756,"$ 16,252.37"
G015,20,275,55,275/55R20 117H G015 YOKOHAMA,207779,"$ 14,015.68"
G015,20,275,60,275/60R20-115H G015 YOKOHAMA,207513,"$ 12,748.16"
G015,18,LT275,65,LT275/65R18 123S G015 YOKOHAMA,207780,"$ 10,511.78"
G015,18,285,60,285/60R18 116H G015 YOKOHAMA,207722,"$ 12,672.50"
G015,18,275,70,LT275/70R18-125S G015 YOKOHAMA,207391,"$ 11,153.63"
G015,18,265,60,265/60R18-110H G015 YOKOHAMA,207400,"$ 9,253.35"
G015,18,265,65,265/65R18-114H G015 YOKOHAMA,207492,"$ 9,815.08"
G015,18,265,70,265/70R18-116H G015 YOKOHAMA,207403,"$ 8,675.00"
G015,17,LT245,75,LT245/75R17 121S G015 YOKOHAMA,207774,"$ 12,069.06"
G015,17,315,70,LT315/70R17-121S G015 YOKOHAMA,207394,"$ 13,904.81"
G015,17,285,65,285/65R17 116H G015 YOKOHAMA,207781,"$ 10,904.57"
G015,17,285,70,LT285/70R17-121S G015 YOKOHAMA,207392,"$ 10,707.52"
G015,17,285,70,P285/70R17-117T G015 YOKOHAMA,207397,"$ 10,707.52"
G015,17,275,65,275/65R17 115H G015 YOKOHAMA,207754,"$ 11,562.97"
G015,17,265,65,265/65R17-112H G015 YOKOHAMA,207401,"$ 8,406.12"
G015,17,265,70,P265/70R17-113T G015 YOKOHAMA,207396,"$ 8,874.60"
G015,17,255,65,255/65R17-114H G015 YOKOHAMA,207749,"$ 10,033.07"
G015,17,255,70,P255/70R17-110T G015 YOKOHAMA,207395,"$ 7,187.91"
G015,17,245,70,LT245/70R17-119R G015 YOKOHAMA,207388,"$ 10,346.82"
G015,17,245,70,P245/70R17-108T G015 YOKOHAMA,207747,"$ 10,342.44"
G015,17,235,65,235/65R17-108H G015 YOKOHAMA,207398,"$ 7,334.33"
G015,17,225,65,225/65R17 102H G015 YOKOHAMA,207721,"$ 7,709.82"
G015,16,285,75,LT285/75R16-126R G015 YOKOHAMA,207393,"$ 12,301.53"
G015,16,265,75,LT265/75R16-123R G015 YOKOHAMA,207390,"$ 9,347.82"
G015,16,265,75,P265/75R16-114T G015 YOKOHAMA,207422,"$ 9,347.82"
G015,16,255,70,255/70R16-111H G015 YOKOHAMA,207399,"$ 6,934.36"
G015,16,245,70,245/70R16-111H G015  YOKOHAMA,207746,"$ 7,767.04"
G015,16,245,75,LT245/75R16-120S G015 YOKOHAMA,207389,"$ 8,706.54"
G015,16,235,70,235/70R16 106H G015 YOKOHAMA,207791,"$ 7,370.74"
G015,16,235,85,LT235/85R16-120R G015 10T YOKOHAMA,207387,"$ 8,517.30"
G015,16,225,75,LT225/75R16-115R G015 YOKOHAMA,207386,"$ 7,683.60"
G015,16,215,85,LT215/85R16-115R G015 YOKOHAMA,207385,"$ 6,793.55"
G015,16,65,70,265/70R16-112H G015 YOKOHAMA,207402,"$ 8,000.13"
G015,15,31,10.50,31X10.50R15 109S G015 YOKOHAMA,207783,"$ 10,126.70"
G015,15,265,70,265/70R15 112H G015 YOKOHAMA,207751,"$ 7,981.16"
G015,15,255,70,255/70R15C 112S G015 YOKOHAMA,207750,"$ 8,958.09"
G015,15,235,65,P235/75 R15 108T G015 YOKOHAMA,207458,"$ 7,511.51"
Diseño,Diametro,Ancho,Talon,Descripcion,Codigo,PL CONTADO
G033,16,215,70,215/70R16-100H G033 R  6T YOKOHAMA,202777,"$ 5,472.12"
Diseño,Diametro,Ancho,Talon,Descripcion,Codigo,PL CONTADO
G055,20,235,55,235/55R20-102V G055 YOKOHAMA,206040,"$ 11,271.88"
G055,19,245,55,245/55R19-103V G055 YOKOHAMA,206035,"$ 8,587.12"
G055,19,235,55,235/55R19-101V G055 YOKOHAMA,206004,"$ 8,579.37"
G055,19,225,55,225/55R19-99V G055 YOKOHAMA,206869,"$ 8,979.66"
G055,18,235,55,235/55R18-100V G055 YOKOHAMA,206224,"$ 8,243.83"
G055,18,235,60,235/60R18-107V G055  YOKOHAMA,206216,"$ 7,425.77"
G055,18,235,65,235/65R18-106H G055 YOKOHAMA,206218,"$ 7,886.38"
G055,18,225,55,225/55R18-98V G055 YOKOHAMA,206866,"$ 8,517.49"
G055,18,225,60,225/60R18-100H G055 YOKOHAMA,206211,"$ 7,201.41"
G055,18,215,55,215/55R18-99V G055 YOKOHAMA,206864,"$ 9,430.11"
G055,17,255,60,255/60R17-106H G055 YOKOHAMA,206221,"$ 8,551.01"
G055,17,245,65,245/65R17-107H G055 YOKOHAMA,206220,"$ 7,366.17"
G055,17,235,55,235/55R17-99H G055 YOKOHAMA,206223,"$ 7,459.80"
G055,17,235,60,235/60R17-102V G055  YOKOHAMA,206863,"$ 8,504.01"
G055,17,235,65,235/65R17-108V G055 YOKOHAMA,206217,"$ 7,338.30"
G055,17,225,55,225/55R17-97V G055 YOKOHAMA,206865,"$ 7,148.78"
G055,17,225,60,225/60R17-99H G055 YOKOHAMA,206210,"$ 7,679.20"
G055,17,225,65,225/65R17-102H G055 YOKOHAMA,206213,"$ 7,431.89"
G055,17,215,60,215/60R17-96H G055 YOKOHAMA,206207,"$ 6,417.80"
G055,17,215,70,215/70R17-101H G055 YOKOHAMA,206862,"$ 5,233.21"
G055,16,235,60,235/60R16-104V G055 YOKOHAMA,206215,"$ 6,872.40"
G055,16,235,70,235/70R16-106H G055 YOKOHAMA,206219,"$ 6,367.76"
G055,16,225,65,225/65R16-100H G055 YOKOHAMA,206212,"$ 6,732.20"
G055,16,225,70,225/70R16-103H G055 YOKOHAMA,206214,"$ 6,052.72"
G055,16,215,65,215/65R16-98H G055 YOKOHAMA,206208,"$ 6,432.82"
G055,16,215,70,215/70R16-100H G055 YOKOHAMA,206209,"$ 6,043.10"
G055,15,225,15,225/70R15-100H G055  4T YOKOHAMA,206806,"$ 6,328.70"
G055,15,205,70,205/70R15-96H G055 YOKOHAMA,206361,"$ 5,340.34"
Diseño,Diametro,Ancho,Talon,Descripcion,Codigo,PL CONTADO
G056,18,285,60,285/60R18-116H G056  YOKOHAMA,206949,"$ 9,791.07"
G056,18,265,60,265/60R18-110H G056  YOKOHAMA,206942,"$ 8,480.32"
G056,18,255,60,255/60R18-112V G056 YOKOHAMA,207222,"$ 9,568.50"
G056,17,285,65,285/65R17-116H G056  4T YOKOHAMA,206950,"$ 8,495.33"
G056,17,275,65,275/65R17 115H G056 YOKOHAMA,207755,"$ 10,278.18"
G056,17,265,65,265/65R17-112H G056  YOKOHAMA,206943,"$ 8,338.70"
G056,17,255,65,255/65R17-114H G056  YOKOHAMA,206940,"$ 7,679.94"
G056,17,225,70,225/70R17-108T G056 YOKOHAMA,207141,"$ 8,097.54"
G056,16,265,70,265/70R16-112H G056  YOKOHAMA,206944,"$ 7,461.43"
G056,16,265,75,265/75R16-116H G056   YOKOHAMA,206946,"$ 7,303.61"
G056,16,255,70,255/70R16-111H G056  YOKOHAMA,206941,"$ 7,362.69"
G056,16,245,70,245/70R16-111H G056  YOKOHAMA,206938,"$ 6,649.99"
G056,15,265,70,265/70R15-112H G056  YOKOHAMA,206948,"$ 6,884.27"
G056,15,255,70,255/70R15-108H G056  YOKOHAMA,206947,"$ 6,638.13"
Diseño,Diametro,Ancho,Talon,Descripcion,Codigo,PL CONTADO
G900,16,215,60,215/60R16-95V G900 R  4T YOKOHAMA,202418,"$ 5,852.25"
Diseño,Diametro,Ancho,Talon,Descripcion,Codigo,PL CONTADO
G900A,17,215,55,215/55R17-94V G900A R  4T YOKOHAMA,202419,"$ 5,905.15"
Diseño,Diametro,Ancho,Talon,Descripcion,Codigo,PL CONTADO
G902,17,265,65,265/65R17-112H G902 R  4T YOKOHAMA,202812,"$ 4,669.85"
Diseño,Diametro,Ancho,Talon,Descripcion,Codigo,PL CONTADO
G91A,17,225,65,225/65R17-101H G91A R  4T YOKOHAMA,202700,"$ 7,708.62"
Diseño,Diametro,Ancho,Talon,Descripcion,Codigo,PL CONTADO
G91AV,17,225,65,225/65R17 102H G91AV YOKOHAMA,206646,"$ 8,389.47"
Diseño,Diametro,Ancho,Talon,Descripcion,Codigo,PL CONTADO
G91F,17,225,60,225/60R17-99V G91F YOKOHAMA,206005,"$ 7,855.63"
Diseño,Diametro,Ancho,Talon,Descripcion,Codigo,PL CONTADO
G94,17,265,65,265/65R17-112S G94DV  YOKOHAMA,206951,"$ 7,720.49"
Diseño,Diametro,Ancho,Talon,Descripcion,Codigo,PL CONTADO
G95A,17,225,55,225/55R17-97V G95A R  4T YOKOHAMA,202809,"$ 7,180.70"
G95A,17,225,60,225/60R17-99V G95A R YOKOHAMA,205040,"$ 7,371.20"
Diseño,Diametro,Ancho,Talon,Descripcion,Codigo,PL CONTADO
PA02,24,305,35,305/35R24-112V  PA02  4T YOKOHAMA,206680,"$ 11,542.67"
PA02,20,295,45,295/45R20 114V PA02 YOKOHAMA,207465,"$ 16,025.53"
PA02,20,275,40,275/40R20-106V PA02 YOKOHAMA,206499,"$ 14,512.23"
PA02,20,275,45,275/45R20-110V PA02 YOKOHAMA,205873,"$ 15,363.71"
PA02,20,275,55,275/55R20-117B PA02 YOKOHAMA,206969,"$ 17,350.04"
PA02,20,265,50,265/50R20-111V PA02 YOKOHAMA,206198,"$ 15,111.04"
PA02,20,255,45,255/45R20-105V PA02 YOKOHAMA,206811,"$ 12,759.74"
PA02,20,255,50,255/50R20 -109V PA02  YOKOHAMA,206677,"$ 13,453.75"
PA02,20,245,45,245/45R20-99V PA02 YOKOHAMA,206611,"$ 8,212.37"
PA02,19,235,55,235/55R19-101V PA02 YOKOHAMA,205082,"$ 8,553.66"
PA02,18,235,55,235/55R18-100V PA02 YOKOHAMA,205077,"$ 7,851.87"
PA02,18,235,60,235/60R18-103V PA02 YOKOHAMA,205078,"$ 7,217.89"
PA02,18,235,65,235/65R18-106H PA02 YOKOHAMA,205079,"$ 7,371.72"
PA02,17,225,65,225/65R17-102H PA02  YOKOHAMA,205075,"$ 7,731.52"
Diseño,Diametro,Ancho,Talon,Descripcion,Codigo,PL CONTADO
RV02,20,245,35,245/35R20-95W RV02 YOKOHAMA,207703,"$ 12,418.23"
RV02,19,225,40,225/40R19-93W RV02 YOKOHAMA,207534,"$ 9,185.23"
RV02,19,225,55,225/55R19-99V RV02 YOKOHAMA,207698,"$ 9,848.93"
RV02,18,235,50,235/50R18-97V RV02 YOKOHAMA,207641,"$ 9,914.23"
RV02,18,235,55,235/55R18-100V RV02 YOKOHAMA,207700,"$ 9,226.31"
RV02,18,235,60,235/60R18-103W RV02 YOKOHAMA,207531,"$ 8,093.24"
RV02,18,235,65,235/65R18-106V RV02 YOKOHAMA,207695,"$ 8,542.87"
RV02,18,225,45,225/45R18- 95W RV02 YOKOHAMA,207540,"$ 8,166.83"
RV02,18,225,50,225/50R18-95V RV02 YOKOHAMA,207702,"$ 8,875.73"
RV02,18,225,55,225/55R18-98V RV02 YOKOHAMA,207662,"$ 9,274.32"
RV02,18,225,60,225/60R18-100V RV02 YOKOHAMA,207693,"$ 7,396.44"
RV02,18,215,45,215/45R18-93W RV02 YOKOHAMA,207701,"$ 8,136.06"
RV02,18,215,55,215/55R18-99V RV02 YOKOHAMA,207697,"$ 9,420.73"
RV02,17,235,55,235/55R17-103W RV02 YOKOHAMA,207699,"$ 8,992.50"
RV02,17,225,60,225/60R17 99H RV02 YOKOHAMA,207692,"$ 8,387.56"
RV02,17,215,55,215/55R17-94V RV02 YOKOHAMA,207696,"$ 8,058.24"
RV02,16,215,65,215/65R16-98H RV02 YOKOHAMA,207691,"$ 7,296.19"
RV02,16,205,65,205/65R16 95H RV02 YOKOHAMA,207687,"$ 6,491.32"
RV02,15,215,65,215/65R15-96H RV02 YOKOHAMA,207690,"$ 6,519.56"
Diseño,Diametro,Ancho,Talon,Descripcion,Codigo,PL CONTADO
RY215,16,7.5,N/A,7.50R16- RY215 R  12T YOKOHAMA,202267,"$ 11,005.53"
Diseño,Diametro,Ancho,Talon,Descripcion,Codigo,PL CONTADO
RY55,16,235,65,235/65 R16C 115R RY55 YOKOHAMA,207833,"$ 9,179.64"
RY55,16,225,65,225/65R16C-112T RY55 YOKOHAMA,207830,"$ 7,379.72"
RY55,16,225,75,225/75R16C-121R RY55 YOKOHAMA,207832,"$ 8,279.68"
RY55,16,215,65,215/65R16C -106T  RY55 YOKOHAMA,207828,"$ 7,919.69"
RY55,16,215,75,215/75R16C 116/114R RY55 YOKOHAMA,207790,"$ 7,181.73"
RY55,16,215,75,215/75R16C-113R RY55 YOKOHAMA,207829,"$ 7,379.72"
RY55,16,195,75,195/75R16C-107T RY55 YOKOHAMA,207834,"$ 6,659.74"
RY55,15,225,70,225/70R15C-112S RY55 YOKOHAMA,207831,"$ 7,019.74"
RY55,15,205,70,205/70R15C- 106S RY55  YOKOHAMA,207824,"$ 7,379.72"
RY55,15,195,+,195R15C-106S RY55  YOKOHAMA,207823,"$ 6,299.76"
RY55,15,195,70,195/70R15C-104S RY55  YOKOHAMA,207821,"$ 6,299.76"
Diseño,Diametro,Ancho,Talon,Descripcion,Codigo,PL CONTADO
RY818,16,235,65,235/65 R16C R115/113 RY818 YOKOHAMA,207459,"$ 10,342.43"
RY818,16,215,65,215/65R16C -106T  RY818  YOKOHAMA,206688,"$ 6,156.38"
RY818,16,205,65,205/65R16C- 107T  RY818  4T YOKOHAMA,206686,"$ 5,596.72"
RY818,16,205,75,205/75R16C-120R RY818 R  8T YOKOHAMA,205489,"$ 6,372.83"
RY818,16,195,75,195/75R16C-107R RY818 R  8T YOKOHAMA,205487,"$ 6,444.00"
RY818,15,205,65,205/65R15C 102/100T  RY818 YOKOHAMA,205790,"$ 5,062.98"
RY818,15,195,R,195R15C-  106/104R  RY818   8T YOKOHAMA,206694,"$ 6,277.14"
RY818,14,175,65,175/65R14C-90T RY818 YOKOHAMA,205484,"$ 4,522.29"
RY818,12,155,N/A,155R12C-108N RY818  8T YOKOHAMA,205684,"$ 4,019.35"
Diseño,Diametro,Ancho,Talon,Descripcion,Codigo,PL CONTADO
V105,20,265,45,265/45R20 108Y V105T YOKOHAMA,207817,"$ 25,019.05"
V105,18,245,50,245/50R18-100W V105 YOKOHAMA,206006,"$ 11,989.07"
Diseño,Diametro,Ancho,Talon,Descripcion,Codigo,PL CONTADO
V105S,18,235,50,235/50ZR18 101Y V105S YOKOHAMA,207771,"$ 11,640.83"
Diseño,Diametro,Ancho,Talon,Descripcion,Codigo,PL CONTADO
V105T,21,265,40,265/40R21 105Y V105T YOKOHAMA,207794,"$ 28,348.90"
V105T,19,255,55,255/55R19 107Y V105T YOKOHAMA,207792,"$ 19,995.41"
Diseño,Diametro,Ancho,Talon,Descripcion,Codigo,PL CONTADO
V802,20,275,50,275/50R20-113W V802 R  4T YOKOHAMA,202540,"$ 15,530.35"
V802,20,255,50,255/50R20 -109Y  V802  4T YOKOHAMA,206682,"$ 13,062.13"
V802,18,285,55,285/55R18-113W V802 R  4T YOKOHAMA,202544,"$ 6,602.17"
V802,18,255,55,255/55R18-109W V802 R  4T YOKOHAMA,202548,"$ 10,776.50"
V802,18,235,55,235/55R18-100W V802 R  4T YOKOHAMA,202547,"$ 7,560.27"
V802,17,275,55,275/55R17-109W V802 R  4T YOKOHAMA,202552,"$ 3,763.64"
V802,17,255,50,255/50R17-101W V802 R  4T YOKOHAMA,202550,"$ 3,666.87"
V802,17,255,60,255/60R17-110W V802 R  4T YOKOHAMA,202517,"$ 4,865.24"
Diseño,Diametro,Ancho,Talon,Descripcion,Codigo,PL CONTADO
V902A,18,235,55,235/55R18-100V V902A YOKOHAMA,206347,"$ 2,883.10"
Diseño,Diametro,Ancho,Talon,Descripcion,Codigo,PL CONTADO
Y818,14,195,N/A,195R14C-108R Y818 R  8T YOKOHAMA,205495,"$ 6,490.55"
Diseño,Diametro,Ancho,Talon,Descripcion,Codigo,PL CONTADO
Y828A,16,205,N/A,205R16C-C Y828A R  8T YOKOHAMA,202357,"$ 9,666.50"
,,,,CAMIÓN,,
Diseño,Diametro,Ancho,Talon,Descripcion,Codigo,PL CONTADO
RY023S,17.5,215,75,215/75R17.5H 135/133J RY023 YOKOHAMA,205935,"$ 9,724.06"